Time,GDP___DEM_1,GDP___DEM_2,GDP___DEM_3,GDP___SUP_1,GDP___SUP_2,GDP___SUP_3,GDP___POL_1,GDP___POL_2,GDP___POL_3,CPI___DEM_1,CPI___DEM_2,CPI___DEM_3,CPI___SUP_1,CPI___SUP_2,CPI___SUP_3,CPI___POL_1,CPI___POL_2,CPI___POL_3,STN___DEM_1,STN___DEM_2,STN___DEM_3,STN___SUP_1,STN___SUP_2,STN___SUP_3,STN___POL_1,STN___POL_2,STN___POL_3
2014-Q3,0,0,0,0,0,0,0,0,0,0,0,0,0,0,0,0,0,0,0,0,0,0,0,0,0,0,0
2014-Q4,0,0,0,0,0,0,0,0,0,0,0,0,0,0,0,0,0,0,0,0,0,0,0,0,0,0,0
2015-Q1,0.0266363192536426,0.313527083786861,0.684871719156186,0.0100150626663331,0.183399986151414,0.542185274726227,0.00722594584317088,0.158300732777524,0.591655213787444,0.0101392472067248,0.136233984044224,0.329992254341121,0.00945026869522341,0.0952679481206813,0.28481364660416,0.00352632294716338,0.0735420331076052,0.297481557022022,0.00744961918703287,0.186154594562025,0.604856006539094,0.00353590720655282,0.115338519893362,0.447112723343087,0.0117921423362322,0.264388210785591,0.617589183758158
2015-Q2,0.038805341442185,0.507535923343012,1.1456764359946,0.0209647850065567,0.314492102511697,0.916403473526057,0.0129549940685228,0.262889024101917,0.997099464637031,0.0270617551646039,0.293878794391165,0.677723689680711,0.012282930842954,0.165119292638069,0.541141626856803,0.00915439230909658,0.147971379559544,0.60703939738675,0.0248356224950303,0.389796476358547,1.15774386707763,0.0085222754974272,0.219022397839323,0.794296653179553,0.0225767014599612,0.494807382594962,1.17259802669641
2015-Q3,0.0418809570741912,0.602878556855065,1.37164979066937,0.0335607671717012,0.400473662302575,1.14540355572912,0.0175242935378574,0.317799562203215,1.21448455490091,0.0533688627712298,0.444714791622382,0.999419566742417,0.0139173834771029,0.212977481719054,0.740523767875224,0.0149448310857398,0.219783832360129,0.879576256382749,0.0567253327643752,0.621761539768103,1.69371202028292,0.0175195246845036,0.308628728535824,1.08702138682714,0.0531529685978396,0.683902759548877,1.69956594731129
2015-Q4,0.0467321991086263,0.630751629272739,1.47496736289342,0.0491566149523696,0.461916652289842,1.26793213467971,0.0209873247396793,0.345075808371838,1.30048336834375,0.0821089769869752,0.584599708959729,1.28852029908621,0.0185385200690489,0.240273167019267,0.89743414795049,0.0212076812246239,0.279820590612729,1.10830005333523,0.10966028397497,0.911754066864416,2.24312245698093,0.0296581295577983,0.375591538346474,1.34673347988786,0.0937096436707323,0.851864236520157,2.21445268453438
