Time,GDP___DEM_1,GDP___DEM_2,GDP___DEM_3,GDP___SUP_1,GDP___SUP_2,GDP___SUP_3,GDP___POL_1,GDP___POL_2,GDP___POL_3,CPI___DEM_1,CPI___DEM_2,CPI___DEM_3,CPI___SUP_1,CPI___SUP_2,CPI___SUP_3,CPI___POL_1,CPI___POL_2,CPI___POL_3,STN___DEM_1,STN___DEM_2,STN___DEM_3,STN___SUP_1,STN___SUP_2,STN___SUP_3,STN___POL_1,STN___POL_2,STN___POL_3
2014-Q3,0,0,0,0,0,0,0,0,0,0,0,0,0,0,0,0,0,0,0,0,0,0,0,0,0,0,0
2014-Q4,0,0,0,0,0,0,0,0,0,0,0,0,0,0,0,0,0,0,0,0,0,0,0,0,0,0,0
2015-Q1,0.163206006262784,0.559934888678929,0.827569709427787,-0.736328841880998,-0.428250828761121,-0.100075284971917,-0.665816439423341,-0.0140590715604315,0.651026390261072,0.100693359368844,0.369098767644636,0.574449522410991,0.097212485652344,0.30865505580471,0.533679123304531,-0.475008811067418,-0.00448195357449109,0.491001095777672,-0.388835456997243,0.338052843691997,0.77659744974404,-0.621249127652055,-0.0213584700562856,0.533975773976265,-0.712732415396079,0.038460682344661,0.722566148305023
2015-Q2,0.109347055543853,0.444889856663085,0.671818687202322,-0.61552256910535,-0.36218257767732,-0.0995156791234804,-0.553994033864064,-0.00365586287817401,0.53387528251464,0.133291163922475,0.395471381074136,0.591474715817817,0.0566702567228726,0.264299659018343,0.508287164369701,-0.476017881674396,0.00431431681789973,0.494199839355294,-0.256281218555443,0.419393943116738,0.746042680254285,-0.551183225992918,-0.00651778230438168,0.478836357995733,-0.68208058194364,0.0215637468341248,0.680553351331272
2015-Q3,0.0523814099370614,0.29847706836531,0.487359147293287,-0.483262390731184,-0.294654529892929,-0.106674296708236,-0.398047875530348,-0.00957958691463482,0.392052110016128,0.151575280501504,0.390233847437565,0.568215958244531,0.0140165636960149,0.214075632404188,0.446907976584794,-0.450760443058431,0.00408071933687314,0.463138032898957,-0.144353948966841,0.495558175723926,0.746122663173363,-0.482823535572513,0.0199701464337545,0.460331172015962,-0.675801751943147,0.0282109420547297,0.665668213092016
2015-Q4,-0.00491284404316758,0.1760114459708,0.347409129676372,-0.379500783488053,-0.241707514282579,-0.0987407527248228,-0.28698459213529,-0.0161405476826462,0.281906122853604,0.155859559640441,0.382416865784642,0.547678438977186,-0.013833630163402,0.174597249881112,0.402470002263255,-0.428881684768323,-0.00337522527079135,0.430133809145481,-0.0421933210246958,0.538902628515782,0.757381755227992,-0.429364353454859,0.0521698382043798,0.454713710848927,-0.666988335997646,0.0323261112762945,0.662070242885922
